STATE,STATENAME,ST_CASE,PEDS,PERNOTMVIT,VE_TOTAL,VE_FORMS,PVH_INVL,PERSONS,PERMVIT,COUNTY,COUNTYNAME,CITY,CITYNAME,MONTH,MONTHNAME,DAY,DAYNAME,DAY_WEEK,DAY_WEEKNAME,YEAR,HOUR,HOURNAME,MINUTE,MINUTENAME,TWAY_ID,TWAY_ID2,ROUTE,ROUTENAME,RUR_URB,RUR_URBNAME,FUNC_SYS,FUNC_SYSNAME,RD_OWNER,RD_OWNERNAME,NHS,NHSNAME,SP_JUR,SP_JURNAME,MILEPT,MILEPTNAME,LATITUDE,LATITUDENAME,LONGITUD,LONGITUDNAME,HARM_EV,HARM_EVNAME,MAN_COLL,MAN_COLLNAME,RELJCT1,RELJCT1NAME,RELJCT2,RELJCT2NAME,TYP_INT,TYP_INTNAME,REL_ROAD,REL_ROADNAME,WRK_ZONE,WRK_ZONENAME,LGT_COND,LGT_CONDNAME,WEATHER,WEATHERNAME,SCH_BUS,SCH_BUSNAME,RAIL,RAILNAME,NOT_HOUR,NOT_HOURNAME,NOT_MIN,NOT_MINNAME,ARR_HOUR,ARR_HOURNAME,ARR_MIN,ARR_MINNAME,HOSP_HR,HOSP_HRNAME,HOSP_MN,HOSP_MNNAME,FATALS
28,Mississippi,280303,0,0,1,1,0,1,1,105,OKTIBBEHA (105),0,NOT APPLICABLE,3,March,1,1,3,Tuesday,2022,19,7:00pm-7:59pm,37,37,CR-OLD WEST POINT RD,NA,4,County Road,2,Urban,4,Minor Arterial,2,County Highway Agency,0,This section IS NOT on the NHS,0,No Special Jurisdiction,99998,Not Reported,77.7777,77.7777,777.7777,777.7777,42,Tree (Standing Only),0,The First Harmful Event was Not a Collision with a Motor Vehicle in Transport,0,No,1,Non-Junction,1,Not an Intersection,4,On Roadside,0,None,8,Not Reported,98,Not Reported,0,No,0000000,Not Applicable,99,Unknown,99,Unknown,99,Unknown EMS Scene Arrival Hour,99,Unknown EMS Scene Arrival Minutes,88,Not Applicable (Not Transported),88,Not Applicable (Not Transported),1
28,Mississippi,280304,0,0,2,2,0,2,2,45,HANCOCK (45),2740,WAVELAND,3,March,7,7,2,Monday,2022,15,3:00pm-3:59pm,4,4,KILN WAVELAND RD,NA,6,Local Street - Municipality,2,Urban,5,Major Collector,4,City or Municipal Highway Agency,0,This section IS NOT on the NHS,0,No Special Jurisdiction,99998,Not Reported,30.3052,30.3052,-89.40605,-89.40605,12,Motor Vehicle In-Transport,2,Front-to-Front,0,No,1,Non-Junction,1,Not an Intersection,1,On Roadway,0,None,1,Daylight,10,Cloudy,0,No,0000000,Not Applicable,99,Unknown,98,Unknown if Notified,99,Unknown EMS Scene Arrival Hour,98,Unknown if Arrived,88,Not Applicable (Not Transported),88,Not Applicable (Not Transported),1
28,Mississippi,280305,1,1,1,1,0,1,1,145,UNION (145),1740,NEW ALBANY,3,March,16,16,4,Wednesday,2022,20,8:00pm-8:59pm,56,56,I-22,NA,1,Interstate,2,Urban,1,Interstate,1,State Highway Agency,1,This section IS ON the NHS,0,No Special Jurisdiction,99998,Not Reported,77.7777,77.7777,777.7777,777.7777,8,Pedestrian,0,The First Harmful Event was Not a Collision with a Motor Vehicle in Transport,0,No,1,Non-Junction,1,Not an Intersection,1,On Roadway,0,None,6,Dark - Unknown Lighting,98,Not Reported,0,No,0000000,Not Applicable,99,Unknown,99,Unknown,99,Unknown EMS Scene Arrival Hour,99,Unknown EMS Scene Arrival Minutes,88,Not Applicable (Not Transported),88,Not Applicable (Not Transported),1
28,Mississippi,280306,0,0,1,1,0,1,1,85,LINCOLN (85),0,NOT APPLICABLE,7,July,1,1,6,Friday,2022,15,3:00pm-3:59pm,26,26,CR-MONTICELLO ST,NA,4,County Road,1,Rural,5,Major Collector,2,County Highway Agency,0,This section IS NOT on the NHS,0,No Special Jurisdiction,99998,Not Reported,31.55973611,31.55973611,-90.39281389,-90.39281389,42,Tree (Standing Only),0,The First Harmful Event was Not a Collision with a Motor Vehicle in Transport,0,No,1,Non-Junction,1,Not an Intersection,4,On Roadside,0,None,1,Daylight,1,Clear,0,No,0000000,Not Applicable,99,Unknown,99,Unknown,99,Unknown EMS Scene Arrival Hour,99,Unknown EMS Scene Arrival Minutes,88,Not Applicable (Not Transported),88,Not Applicable (Not Transported),1
28,Mississippi,280307,0,0,1,1,0,2,2,157,WILKINSON (157),0,NOT APPLICABLE,7,July,2,2,7,Saturday,2022,2,2:00am-2:59am,34,34,SR-24,NA,3,State Highway,1,Rural,5,Major Collector,1,State Highway Agency,0,This section IS NOT on the NHS,0,No Special Jurisdiction,99998,Not Reported,31.13410833,31.13410833,-91.38459167,-91.38459167,35,Embankment,0,The First Harmful Event was Not a Collision with a Motor Vehicle in Transport,0,No,1,Non-Junction,1,Not an Intersection,4,On Roadside,0,None,2,Dark - Not Lighted,1,Clear,0,No,0000000,Not Applicable,99,Unknown,98,Unknown if Notified,99,Unknown EMS Scene Arrival Hour,98,Unknown if Arrived,88,Not Applicable (Not Transported),88,Not Applicable (Not Transported),1
28,Mississippi,280308,0,0,1,1,0,1,1,21,CLAIBORNE (21),0,NOT APPLICABLE,7,July,2,2,7,Saturday,2022,10,10:00am-10:59am,41,41,CR-TILLMAN RD,NA,4,County Road,1,Rural,98,Not Reported,2,County Highway Agency,0,This section IS NOT on the NHS,0,No Special Jurisdiction,99998,Not Reported,31.90546111,31.90546111,-90.94553056,-90.94553056,34,Ditch,0,The First Harmful Event was Not a Collision with a Motor Vehicle in Transport,0,No,1,Non-Junction,1,Not an Intersection,4,On Roadside,0,None,1,Daylight,1,Clear,0,No,0000000,Not Applicable,99,Unknown,98,Unknown if Notified,99,Unknown EMS Scene Arrival Hour,98,Unknown if Arrived,88,Not Applicable (Not Transported),88,Not Applicable (Not Transported),1
28,Mississippi,280309,0,0,1,1,0,1,1,47,HARRISON (47),230,BILOXI,7,July,3,3,1,Sunday,2022,2,2:00am-2:59am,22,22,US-90,NA,2,US Highway,2,Urban,3,Principal Arterial - Other,1,State Highway Agency,1,This section IS ON the NHS,0,No Special Jurisdiction,99998,Not Reported,30.39470278,30.39470278,-88.91606111,-88.91606111,43,Other Fixed Object,0,The First Harmful Event was Not a Collision with a Motor Vehicle in Transport,0,No,1,Non-Junction,1,Not an Intersection,4,On Roadside,0,None,3,Dark - Lighted,10,Cloudy,0,No,0000000,Not Applicable,99,Unknown,99,Unknown,99,Unknown EMS Scene Arrival Hour,99,Unknown EMS Scene Arrival Minutes,88,Not Applicable (Not Transported),88,Not Applicable (Not Transported),1
28,Mississippi,280310,0,0,1,1,0,1,1,151,WASHINGTON (151),0,NOT APPLICABLE,7,July,3,3,1,Sunday,2022,10,10:00am-10:59am,58,58,CR-FROTNER ROAD,NA,4,County Road,1,Rural,5,Major Collector,2,County Highway Agency,0,This section IS NOT on the NHS,0,No Special Jurisdiction,99998,Not Reported,33.02907778,33.02907778,-91.00171667,-91.00171667,30,Utility Pole/Light Support,0,The First Harmful Event was Not a Collision with a Motor Vehicle in Transport,0,No,1,Non-Junction,1,Not an Intersection,4,On Roadside,0,None,1,Daylight,10,Cloudy,0,No,0000000,Not Applicable,10,10:00am-10:59am,58,58,11,11:00am-11:59am,10,10,11,11:00am-11:59am,37,37,1
28,Mississippi,280311,0,0,1,1,0,1,1,81,LEE (81),0,NOT APPLICABLE,7,July,3,3,1,Sunday,2022,16,4:00pm-4:59pm,54,54,CR-506,NA,4,County Road,1,Rural,98,Not Reported,2,County Highway Agency,0,This section IS NOT on the NHS,0,No Special Jurisdiction,99998,Not Reported,34.08943889,34.08943889,-88.71678056,-88.71678056,53,Mail Box,0,The First Harmful Event was Not a Collision with a Motor Vehicle in Transport,0,No,1,Non-Junction,1,Not an Intersection,4,On Roadside,0,None,1,Daylight,1,Clear,0,No,0000000,Not Applicable,99,Unknown,98,Unknown if Notified,99,Unknown EMS Scene Arrival Hour,98,Unknown if Arrived,88,Not Applicable (Not Transported),88,Not Applicable (Not Transported),1
28,Mississippi,280312,0,0,1,1,0,2,2,37,FRANKLIN (37),0,NOT APPLICABLE,7,July,4,4,2,Monday,2022,3,3:00am-3:59am,0,0,CR-BEDFOROAD TILLMAN RD,NA,4,County Road,1,Rural,98,Not Reported,2,County Highway Agency,0,This section IS NOT on the NHS,0,No Special Jurisdiction,99998,Not Reported,31.54004722,31.54004722,-90.92657222,-90.92657222,53,Mail Box,0,The First Harmful Event was Not a Collision with a Motor Vehicle in Transport,0,No,1,Non-Junction,1,Not an Intersection,4,On Roadside,0,None,2,Dark - Not Lighted,1,Clear,0,No,0000000,Not Applicable,3,3:00am-3:59am,0,0,3,3:00am-3:59am,24,24,3,3:00am-3:59am,54,54,1
28,Mississippi,280313,0,0,1,1,0,1,1,121,RANKIN (121),0,NOT APPLICABLE,7,July,5,5,3,Tuesday,2022,12,12:00pm-12:59pm,53,53,CR-HICKORY RIDGE RD,NA,4,County Road,2,Urban,5,Major Collector,2,County Highway Agency,0,This section IS NOT on the NHS,0,No Special Jurisdiction,99998,Not Reported,32.152275,32.152275,-90.20795556,-90.20795556,32,Culvert,0,The First Harmful Event was Not a Collision with a Motor Vehicle in Transport,0,No,1,Non-Junction,1,Not an Intersection,4,On Roadside,0,None,1,Daylight,1,Clear,0,No,0000000,Not Applicable,99,Unknown,98,Unknown if Notified,99,Unknown EMS Scene Arrival Hour,98,Unknown if Arrived,88,Not Applicable (Not Transported),88,Not Applicable (Not Transported),1
28,Mississippi,280314,1,1,1,1,0,1,1,49,HINDS (49),1220,JACKSON,7,July,5,5,3,Tuesday,2022,22,10:00pm-10:59pm,51,51,I-55,NA,1,Interstate,2,Urban,1,Interstate,1,State Highway Agency,1,This section IS ON the NHS,0,No Special Jurisdiction,99998,Not Reported,32.38054444,32.38054444,-90.14701667,-90.14701667,8,Pedestrian,0,The First Harmful Event was Not a Collision with a Motor Vehicle in Transport,0,No,1,Non-Junction,1,Not an Intersection,1,On Roadway,0,None,3,Dark - Lighted,1,Clear,0,No,0000000,Not Applicable,99,Unknown,98,Unknown if Notified,99,Unknown EMS Scene Arrival Hour,98,Unknown if Arrived,88,Not Applicable (Not Transported),88,Not Applicable (Not Transported),1
28,Mississippi,280315,0,0,2,2,0,2,2,79,LEAKE (79),0,NOT APPLICABLE,7,July,7,7,5,Thursday,2022,16,4:00pm-4:59pm,52,52,SR-16,SR-25,3,State Highway,1,Rural,4,Minor Arterial,1,State Highway Agency,0,This section IS NOT on the NHS,0,No Special Jurisdiction,99998,Not Reported,32.70325278,32.70325278,-89.63042222,-89.63042222,12,Motor Vehicle In-Transport,6,Angle,0,No,2,Intersection,3,T-Intersection,1,On Roadway,0,None,1,Daylight,1,Clear,0,No,0000000,Not Applicable,16,4:00pm-4:59pm,52,52,16,4:00pm-4:59pm,56,56,17,5:00pm-5:59pm,28,28,1
28,Mississippi,280316,0,0,2,2,0,2,2,33,DE SOTO (33),2422,SOUTHAVEN,7,July,8,8,6,Friday,2022,5,5:00am-5:59am,21,21,I-55,NA,1,Interstate,2,Urban,1,Interstate,1,State Highway Agency,1,This section IS ON the NHS,0,No Special Jurisdiction,99998,Not Reported,34.98902222,34.98902222,-90.00190833,-90.00190833,12,Motor Vehicle In-Transport,1,Front-to-Rear,0,No,1,Non-Junction,1,Not an Intersection,1,On Roadway,0,None,4,Dawn,1,Clear,0,No,0000000,Not Applicable,5,5:00am-5:59am,21,21,5,5:00am-5:59am,26,26,6,6:00am-6:59am,12,12,1
28,Mississippi,280317,1,1,1,1,0,1,1,11,BOLIVAR (11),0,NOT APPLICABLE,7,July,9,9,7,Saturday,2022,5,5:00am-5:59am,30,30,US-161,NA,2,US Highway,1,Rural,5,Major Collector,1,State Highway Agency,0,This section IS NOT on the NHS,0,No Special Jurisdiction,99998,Not Reported,33.89475278,33.89475278,-90.73583056,-90.73583056,8,Pedestrian,0,The First Harmful Event was Not a Collision with a Motor Vehicle in Transport,0,No,1,Non-Junction,1,Not an Intersection,1,On Roadway,0,None,4,Dawn,1,Clear,0,No,0000000,Not Applicable,99,Unknown,98,Unknown if Notified,99,Unknown EMS Scene Arrival Hour,98,Unknown if Arrived,88,Not Applicable (Not Transported),88,Not Applicable (Not Transported),1
28,Mississippi,280318,0,0,5,5,0,6,6,59,JACKSON (59),1810,OCEAN SPRINGS,7,July,9,9,7,Saturday,2022,10,10:00am-10:59am,41,41,US-90,NA,2,US Highway,2,Urban,3,Principal Arterial - Other,1,State Highway Agency,1,This section IS ON the NHS,0,No Special Jurisdiction,99998,Not Reported,30.41274167,30.41274167,-88.7835,-88.7835,12,Motor Vehicle In-Transport,1,Front-to-Rear,0,No,1,Non-Junction,1,Not an Intersection,1,On Roadway,0,None,1,Daylight,1,Clear,0,No,0000000,Not Applicable,99,Unknown,99,Unknown,99,Unknown EMS Scene Arrival Hour,99,Unknown EMS Scene Arrival Minutes,99,Unknown,99,Unknown EMS Hospital Arrival Time,2
28,Mississippi,280319,0,0,1,1,0,1,1,61,JASPER (61),0,NOT APPLICABLE,7,July,9,9,7,Saturday,2022,10,10:00am-10:59am,53,53,CR-23,NA,4,County Road,1,Rural,5,Major Collector,2,County Highway Agency,0,This section IS NOT on the NHS,0,No Special Jurisdiction,99998,Not Reported,32.16015833,32.16015833,-89.25338056,-89.25338056,42,Tree (Standing Only),0,The First Harmful Event was Not a Collision with a Motor Vehicle in Transport,0,No,1,Non-Junction,1,Not an Intersection,4,On Roadside,0,None,1,Daylight,1,Clear,0,No,0000000,Not Applicable,99,Unknown,98,Unknown if Notified,99,Unknown EMS Scene Arrival Hour,98,Unknown if Arrived,88,Not Applicable (Not Transported),88,Not Applicable (Not Transported),1
28,Mississippi,280320,1,1,1,1,0,1,1,61,JASPER (61),140,BAY SPRINGS,7,July,9,9,7,Saturday,2022,13,1:00pm-1:59pm,55,55,CR-17,NA,4,County Road,1,Rural,5,Major Collector,2,County Highway Agency,0,This section IS NOT on the NHS,0,No Special Jurisdiction,99998,Not Reported,31.95333889,31.95333889,-89.26871111,-89.26871111,9,Pedalcyclist,0,The First Harmful Event was Not a Collision with a Motor Vehicle in Transport,0,No,1,Non-Junction,1,Not an Intersection,1,On Roadway,0,None,1,Daylight,1,Clear,0,No,0000000,Not Applicable,99,Unknown,99,Unknown,99,Unknown EMS Scene Arrival Hour,99,Unknown EMS Scene Arrival Minutes,88,Not Applicable (Not Transported),88,Not Applicable (Not Transported),1
28,Mississippi,280321,0,0,3,3,0,6,6,73,LAMAR (73),9997,Other,7,July,10,10,1,Sunday,2022,12,12:00pm-12:59pm,27,27,US-98,CROSS CREEK PARKWAY,2,US Highway,2,Urban,3,Principal Arterial - Other,1,State Highway Agency,1,This section IS ON the NHS,0,No Special Jurisdiction,99998,Not Reported,31.32146111,31.32146111,-89.38111667,-89.38111667,12,Motor Vehicle In-Transport,6,Angle,0,No,2,Intersection,2,Four-Way Intersection,1,On Roadway,0,None,1,Daylight,1,Clear,0,No,0000000,Not Applicable,99,Unknown,99,Unknown,99,Unknown EMS Scene Arrival Hour,99,Unknown EMS Scene Arrival Minutes,99,Unknown,99,Unknown EMS Hospital Arrival Time,1
28,Mississippi,280322,1,1,1,1,0,1,1,47,HARRISON (47),0,NOT APPLICABLE,7,July,10,10,1,Sunday,2022,20,8:00pm-8:59pm,39,39,CR-CUEVAS DELISLE,NA,4,County Road,1,Rural,98,Not Reported,2,County Highway Agency,0,This section IS NOT on the NHS,0,No Special Jurisdiction,99998,Not Reported,30.41806111,30.41806111,-89.32828889,-89.32828889,8,Pedestrian,0,The First Harmful Event was Not a Collision with a Motor Vehicle in Transport,0,No,1,Non-Junction,1,Not an Intersection,1,On Roadway,0,None,2,Dark - Not Lighted,1,Clear,0,No,0000000,Not Applicable,99,Unknown,99,Unknown,99,Unknown EMS Scene Arrival Hour,99,Unknown EMS Scene Arrival Minutes,88,Not Applicable (Not Transported),88,Not Applicable (Not Transported),1
28,Mississippi,280323,1,1,1,1,0,1,1,11,BOLIVAR (11),290,BOYLE,7,July,10,10,1,Sunday,2022,20,8:00pm-8:59pm,41,41,US-61,SR-446,2,US Highway,2,Urban,3,Principal Arterial - Other,1,State Highway Agency,1,This section IS ON the NHS,0,No Special Jurisdiction,99998,Not Reported,33.70395556,33.70395556,-90.71929167,-90.71929167,8,Pedestrian,0,The First Harmful Event was Not a Collision with a Motor Vehicle in Transport,0,No,3,Intersection-Related,2,Four-Way Intersection,1,On Roadway,0,None,3,Dark - Lighted,1,Clear,0,No,0000000,Not Applicable,99,Unknown,98,Unknown if Notified,99,Unknown EMS Scene Arrival Hour,98,Unknown if Arrived,88,Not Applicable (Not Transported),88,Not Applicable (Not Transported),1
28,Mississippi,280324,1,2,2,1,1,2,1,109,PEARL RIVER (109),1950,PICAYUNE,7,July,12,12,3,Tuesday,2022,11,11:00am-11:59am,35,35,RIDGE RD,NA,6,Local Street - Municipality,2,Urban,7,Local,4,City or Municipal Highway Agency,0,This section IS NOT on the NHS,0,No Special Jurisdiction,99998,Not Reported,30.512175,30.512175,-89.66480556,-89.66480556,8,Pedestrian,0,The First Harmful Event was Not a Collision with a Motor Vehicle in Transport,0,No,1,Non-Junction,1,Not an Intersection,1,On Roadway,0,None,1,Daylight,1,Clear,0,No,0000000,Not Applicable,99,Unknown,99,Unknown,99,Unknown EMS Scene Arrival Hour,99,Unknown EMS Scene Arrival Minutes,88,Not Applicable (Not Transported),88,Not Applicable (Not Transported),1
28,Mississippi,280325,0,0,1,1,0,1,1,113,PIKE (113),0,NOT APPLICABLE,7,July,12,12,3,Tuesday,2022,17,5:00pm-5:59pm,0,0,CR-SMITHTOWN RD,NA,4,County Road,1,Rural,98,Not Reported,2,County Highway Agency,0,This section IS NOT on the NHS,0,No Special Jurisdiction,99998,Not Reported,31.24435,31.24435,-90.281825,-90.281825,35,Embankment,0,The First Harmful Event was Not a Collision with a Motor Vehicle in Transport,0,No,1,Non-Junction,1,Not an Intersection,4,On Roadside,0,None,9,Reported as Unknown,99,Reported as Unknown,0,No,0000000,Not Applicable,99,Unknown,98,Unknown if Notified,99,Unknown EMS Scene Arrival Hour,98,Unknown if Arrived,88,Not Applicable (Not Transported),88,Not Applicable (Not Transported),1
28,Mississippi,280326,0,0,1,1,0,1,1,1,ADAMS (1),0,NOT APPLICABLE,7,July,12,12,3,Tuesday,2022,17,5:00pm-5:59pm,3,3,CR-GOVERNMENT FLEET RD,MAGNOLIA BLUFFS RD,4,County Road,1,Rural,3,Principal Arterial - Other,2,County Highway Agency,0,This section IS NOT on the NHS,0,No Special Jurisdiction,99998,Not Reported,31.54415,31.54415,-91.42473889,-91.42473889,42,Tree (Standing Only),0,The First Harmful Event was Not a Collision with a Motor Vehicle in Transport,0,No,3,Intersection-Related,3,T-Intersection,4,On Roadside,0,None,5,Dusk,1,Clear,0,No,0000000,Not Applicable,99,Unknown,99,Unknown,99,Unknown EMS Scene Arrival Hour,99,Unknown EMS Scene Arrival Minutes,88,Not Applicable (Not Transported),88,Not Applicable (Not Transported),1
28,Mississippi,280327,2,2,1,1,0,1,1,49,HINDS (49),1220,JACKSON,7,July,14,14,5,Thursday,2022,0,0:00am-0:59am,50,50,I-55 FRONTAGE RD,NA,7,Local Street - Frontage Road,2,Urban,5,Major Collector,1,State Highway Agency,0,This section IS NOT on the NHS,0,No Special Jurisdiction,99998,Not Reported,32.21833611,32.21833611,-90.22874722,-90.22874722,8,Pedestrian,0,The First Harmful Event was Not a Collision with a Motor Vehicle in Transport,0,No,1,Non-Junction,1,Not an Intersection,4,On Roadside,0,None,2,Dark - Not Lighted,1,Clear,0,No,0000000,Not Applicable,99,Unknown,99,Unknown,99,Unknown EMS Scene Arrival Hour,99,Unknown EMS Scene Arrival Minutes,99,Unknown,99,Unknown EMS Hospital Arrival Time,1
28,Mississippi,280328,0,0,2,2,0,2,2,47,HARRISON (47),0,NOT APPLICABLE,7,July,14,14,5,Thursday,2022,12,12:00pm-12:59pm,19,19,SR-67,EAST WORTHAM,3,State Highway,1,Rural,3,Principal Arterial - Other,1,State Highway Agency,1,This section IS ON the NHS,0,No Special Jurisdiction,99998,Not Reported,30.58802222,30.58802222,-89.05743333,-89.05743333,12,Motor Vehicle In-Transport,6,Angle,0,No,2,Intersection,2,Four-Way Intersection,1,On Roadway,0,None,1,Daylight,1,Clear,0,No,0000000,Not Applicable,99,Unknown,99,Unknown,99,Unknown EMS Scene Arrival Hour,99,Unknown EMS Scene Arrival Minutes,99,Unknown,99,Unknown EMS Hospital Arrival Time,1
28,Mississippi,280329,0,0,1,1,0,1,1,61,JASPER (61),0,NOT APPLICABLE,7,July,15,15,6,Friday,2022,16,4:00pm-4:59pm,57,57,I-59,NA,1,Interstate,1,Rural,1,Interstate,1,State Highway Agency,1,This section IS ON the NHS,0,No Special Jurisdiction,99998,Not Reported,31.96766111,31.96766111,-88.96429167,-88.96429167,42,Tree (Standing Only),0,The First Harmful Event was Not a Collision with a Motor Vehicle in Transport,0,No,1,Non-Junction,1,Not an Intersection,4,On Roadside,0,None,1,Daylight,2,Rain,0,No,0000000,Not Applicable,99,Unknown,99,Unknown,99,Unknown EMS Scene Arrival Hour,99,Unknown EMS Scene Arrival Minutes,88,Not Applicable (Not Transported),88,Not Applicable (Not Transported),1
28,Mississippi,280330,0,0,1,1,0,2,2,113,PIKE (113),0,NOT APPLICABLE,7,July,16,16,7,Saturday,2022,17,5:00pm-5:59pm,22,22,I-55,NA,1,Interstate,1,Rural,1,Interstate,1,State Highway Agency,1,This section IS ON the NHS,0,No Special Jurisdiction,99998,Not Reported,31.29775278,31.29775278,-90.47805833,-90.47805833,42,Tree (Standing Only),0,The First Harmful Event was Not a Collision with a Motor Vehicle in Transport,0,No,1,Non-Junction,1,Not an Intersection,4,On Roadside,0,None,1,Daylight,2,Rain,0,No,0000000,Not Applicable,99,Unknown,99,Unknown,99,Unknown EMS Scene Arrival Hour,99,Unknown EMS Scene Arrival Minutes,99,Unknown,99,Unknown EMS Hospital Arrival Time,1
28,Mississippi,280331,1,1,1,1,0,1,1,47,HARRISON (47),0,NOT APPLICABLE,7,July,16,16,7,Saturday,2022,20,8:00pm-8:59pm,34,34,CR-SAUCIER LIZANA RD,NA,4,County Road,1,Rural,5,Major Collector,2,County Highway Agency,0,This section IS NOT on the NHS,0,No Special Jurisdiction,99998,Not Reported,30.57606111,30.57606111,-89.21438056,-89.21438056,8,Pedestrian,0,The First Harmful Event was Not a Collision with a Motor Vehicle in Transport,0,No,1,Non-Junction,1,Not an Intersection,1,On Roadway,0,None,2,Dark - Not Lighted,1,Clear,0,No,0000000,Not Applicable,99,Unknown,99,Unknown,99,Unknown EMS Scene Arrival Hour,99,Unknown EMS Scene Arrival Minutes,88,Not Applicable (Not Transported),88,Not Applicable (Not Transported),1
28,Mississippi,280332,0,0,1,1,0,1,1,21,CLAIBORNE (21),0,NOT APPLICABLE,7,July,17,17,1,Sunday,2022,4,4:00am-4:59am,26,26,SR-18,NA,3,State Highway,1,Rural,4,Minor Arterial,1,State Highway Agency,0,This section IS NOT on the NHS,0,No Special Jurisdiction,99998,Not Reported,31.96073333,31.96073333,-90.85833611,-90.85833611,42,Tree (Standing Only),0,The First Harmful Event was Not a Collision with a Motor Vehicle in Transport,0,No,1,Non-Junction,1,Not an Intersection,4,On Roadside,0,None,2,Dark - Not Lighted,1,Clear,0,No,0000000,Not Applicable,99,Unknown,99,Unknown,99,Unknown EMS Scene Arrival Hour,99,Unknown EMS Scene Arrival Minutes,88,Not Applicable (Not Transported),88,Not Applicable (Not Transported),1
28,Mississippi,280333,0,0,2,2,0,4,4,151,WASHINGTON (151),0,NOT APPLICABLE,7,July,18,18,2,Monday,2022,5,5:00am-5:59am,37,37,US-61,NA,2,US Highway,1,Rural,3,Principal Arterial - Other,1,State Highway Agency,1,This section IS ON the NHS,0,No Special Jurisdiction,99998,Not Reported,33.25163889,33.25163889,-90.86316111,-90.86316111,12,Motor Vehicle In-Transport,2,Front-to-Front,0,No,1,Non-Junction,1,Not an Intersection,1,On Roadway,0,None,2,Dark - Not Lighted,2,Rain,0,No,0000000,Not Applicable,99,Unknown,99,Unknown,99,Unknown EMS Scene Arrival Hour,99,Unknown EMS Scene Arrival Minutes,99,Unknown,99,Unknown EMS Hospital Arrival Time,1
28,Mississippi,280334,1,1,1,1,0,2,2,93,MARSHALL (93),0,NOT APPLICABLE,7,July,19,19,3,Tuesday,2022,21,9:00pm-9:59pm,51,51,I-269,NA,1,Interstate,1,Rural,1,Interstate,1,State Highway Agency,1,This section IS ON the NHS,0,No Special Jurisdiction,99998,Not Reported,34.99504722,34.99504722,-89.64229722,-89.64229722,8,Pedestrian,0,The First Harmful Event was Not a Collision with a Motor Vehicle in Transport,0,No,1,Non-Junction,1,Not an Intersection,1,On Roadway,0,None,2,Dark - Not Lighted,1,Clear,0,No,0000000,Not Applicable,99,Unknown,98,Unknown if Notified,99,Unknown EMS Scene Arrival Hour,98,Unknown if Arrived,88,Not Applicable (Not Transported),88,Not Applicable (Not Transported),1
28,Mississippi,280335,0,0,1,1,0,1,1,59,JACKSON (59),0,NOT APPLICABLE,7,July,20,20,4,Wednesday,2022,1,1:00am-1:59am,21,21,SR-613,NA,3,State Highway,1,Rural,5,Major Collector,1,State Highway Agency,0,This section IS NOT on the NHS,0,No Special Jurisdiction,99998,Not Reported,30.69935833,30.69935833,-88.51305,-88.51305,32,Culvert,0,The First Harmful Event was Not a Collision with a Motor Vehicle in Transport,0,No,1,Non-Junction,1,Not an Intersection,4,On Roadside,0,None,2,Dark - Not Lighted,1,Clear,0,No,0000000,Not Applicable,99,Unknown,98,Unknown if Notified,99,Unknown EMS Scene Arrival Hour,98,Unknown if Arrived,88,Not Applicable (Not Transported),88,Not Applicable (Not Transported),1
28,Mississippi,280336,1,1,1,1,0,1,1,89,MADISON (89),0,NOT APPLICABLE,7,July,20,20,4,Wednesday,2022,5,5:00am-5:59am,24,24,SR-16,NA,3,State Highway,1,Rural,4,Minor Arterial,1,State Highway Agency,0,This section IS NOT on the NHS,0,No Special Jurisdiction,99998,Not Reported,32.65679722,32.65679722,-89.84846944,-89.84846944,8,Pedestrian,0,The First Harmful Event was Not a Collision with a Motor Vehicle in Transport,0,No,1,Non-Junction,1,Not an Intersection,1,On Roadway,0,None,2,Dark - Not Lighted,1,Clear,0,No,0000000,Not Applicable,99,Unknown,98,Unknown if Notified,99,Unknown EMS Scene Arrival Hour,98,Unknown if Arrived,88,Not Applicable (Not Transported),88,Not Applicable (Not Transported),1
28,Mississippi,280337,0,0,2,2,0,2,2,81,LEE (81),0,NOT APPLICABLE,7,July,20,20,4,Wednesday,2022,17,5:00pm-5:59pm,2,2,SR-145,CR-590,3,State Highway,2,Urban,4,Minor Arterial,1,State Highway Agency,0,This section IS NOT on the NHS,0,No Special Jurisdiction,99998,Not Reported,34.16252778,34.16252778,-88.71951667,-88.71951667,12,Motor Vehicle In-Transport,6,Angle,0,No,2,Intersection,3,T-Intersection,1,On Roadway,0,None,1,Daylight,1,Clear,0,No,0000000,Not Applicable,99,Unknown,99,Unknown,99,Unknown EMS Scene Arrival Hour,99,Unknown EMS Scene Arrival Minutes,88,Not Applicable (Not Transported),88,Not Applicable (Not Transported),1