STATE,STATENAME,ST_CASE,PEDS,PERNOTMVIT,VE_TOTAL,VE_FORMS,PVH_INVL,PERSONS,PERMVIT,COUNTY,COUNTYNAME,CITY,CITYNAME,MONTH,MONTHNAME,DAY,DAYNAME,DAY_WEEK,DAY_WEEKNAME,YEAR,HOUR,HOURNAME,MINUTE,MINUTENAME,TWAY_ID,TWAY_ID2,ROUTE,ROUTENAME,RUR_URB,RUR_URBNAME,FUNC_SYS,FUNC_SYSNAME,RD_OWNER,RD_OWNERNAME,NHS,NHSNAME,SP_JUR,SP_JURNAME,MILEPT,MILEPTNAME,LATITUDE,LATITUDENAME,LONGITUD,LONGITUDNAME,HARM_EV,HARM_EVNAME,MAN_COLL,MAN_COLLNAME,RELJCT1,RELJCT1NAME,RELJCT2,RELJCT2NAME,TYP_INT,TYP_INTNAME,REL_ROAD,REL_ROADNAME,WRK_ZONE,WRK_ZONENAME,LGT_COND,LGT_CONDNAME,WEATHER,WEATHERNAME,SCH_BUS,SCH_BUSNAME,RAIL,RAILNAME,NOT_HOUR,NOT_HOURNAME,NOT_MIN,NOT_MINNAME,ARR_HOUR,ARR_HOURNAME,ARR_MIN,ARR_MINNAME,HOSP_HR,HOSP_HRNAME,HOSP_MN,HOSP_MNNAME,FATALS
28,Mississippi,280376,0,0,2,2,0,5,5,127,SIMPSON (127),1580,MENDENHALL,8,August,7,7,1,Sunday,2022,11,11:00am-11:59am,20,20,US-49,SR-540,2,US Highway,1,Rural,3,Principal Arterial - Other,1,State Highway Agency,1,This section IS ON the NHS,0,No Special Jurisdiction,99998,Not Reported,31.95716667,31.95716667,-89.84984167,-89.84984167,12,Motor Vehicle In-Transport,6,Angle,0,No,2,Intersection,2,Four-Way Intersection,1,On Roadway,0,None,1,Daylight,1,Clear,0,No,0000000,Not Applicable,99,Unknown,99,Unknown,99,Unknown EMS Scene Arrival Hour,99,Unknown EMS Scene Arrival Minutes,99,Unknown,99,Unknown EMS Hospital Arrival Time,1
28,Mississippi,280377,0,0,2,2,0,3,3,127,SIMPSON (127),0,NOT APPLICABLE,8,August,7,7,1,Sunday,2022,21,9:00pm-9:59pm,14,14,SR-13,SHIVERS RD,3,State Highway,1,Rural,4,Minor Arterial,1,State Highway Agency,0,This section IS NOT on the NHS,0,No Special Jurisdiction,99998,Not Reported,31.79503611,31.79503611,-89.87886667,-89.87886667,12,Motor Vehicle In-Transport,6,Angle,0,No,2,Intersection,2,Four-Way Intersection,1,On Roadway,0,None,1,Daylight,1,Clear,0,No,0000000,Not Applicable,99,Unknown,99,Unknown,99,Unknown EMS Scene Arrival Hour,99,Unknown EMS Scene Arrival Minutes,99,Unknown,99,Unknown EMS Hospital Arrival Time,1
28,Mississippi,280378,0,0,3,2,1,2,2,73,LAMAR (73),9997,Other,8,August,7,7,1,Sunday,2022,23,11:00pm-11:59pm,13,13,I-59,NA,1,Interstate,2,Urban,1,Interstate,1,State Highway Agency,1,This section IS ON the NHS,0,No Special Jurisdiction,99998,Not Reported,31.31183333,31.31183333,-89.35284167,-89.35284167,14,Parked Motor Vehicle,0,The First Harmful Event was Not a Collision with a Motor Vehicle in Transport,0,No,1,Non-Junction,1,Not an Intersection,2,On Shoulder,0,None,2,Dark - Not Lighted,1,Clear,0,No,0000000,Not Applicable,99,Unknown,99,Unknown,99,Unknown EMS Scene Arrival Hour,99,Unknown EMS Scene Arrival Minutes,99,Unknown,99,Unknown EMS Hospital Arrival Time,1
28,Mississippi,280379,0,0,1,1,0,2,2,29,COPIAH (29),0,NOT APPLICABLE,8,August,8,8,2,Monday,2022,19,7:00pm-7:59pm,25,25,I-55,NA,1,Interstate,2,Urban,1,Interstate,1,State Highway Agency,1,This section IS ON the NHS,0,No Special Jurisdiction,99998,Not Reported,31.99852778,31.99852778,-90.3695,-90.3695,42,Tree (Standing Only),0,The First Harmful Event was Not a Collision with a Motor Vehicle in Transport,0,No,1,Non-Junction,1,Not an Intersection,3,On Median,0,None,5,Dusk,2,Rain,0,No,0000000,Not Applicable,99,Unknown,98,Unknown if Notified,99,Unknown EMS Scene Arrival Hour,98,Unknown if Arrived,88,Not Applicable (Not Transported),88,Not Applicable (Not Transported),2
28,Mississippi,280380,0,0,1,1,0,6,6,57,ITAWAMBA (57),0,NOT APPLICABLE,8,August,8,8,2,Monday,2022,19,7:00pm-7:59pm,30,30,SR-23,NA,3,State Highway,1,Rural,5,Major Collector,1,State Highway Agency,0,This section IS NOT on the NHS,0,No Special Jurisdiction,99998,Not Reported,34.22930278,34.22930278,-88.258175,-88.258175,1,Rollover/Overturn,0,The First Harmful Event was Not a Collision with a Motor Vehicle in Transport,0,No,1,Non-Junction,1,Not an Intersection,4,On Roadside,0,None,5,Dusk,1,Clear,0,No,0000000,Not Applicable,99,Unknown,99,Unknown,99,Unknown EMS Scene Arrival Hour,99,Unknown EMS Scene Arrival Minutes,99,Unknown,99,Unknown EMS Hospital Arrival Time,1
28,Mississippi,280381,0,0,2,2,0,4,4,25,CLAY (25),2810,WEST POINT,8,August,11,11,5,Thursday,2022,10,10:00am-10:59am,45,45,US-45,WINDALE DR,2,US Highway,2,Urban,3,Principal Arterial - Other,1,State Highway Agency,1,This section IS ON the NHS,0,No Special Jurisdiction,99998,Not Reported,33.61835556,33.61835556,-88.65905556,-88.65905556,12,Motor Vehicle In-Transport,6,Angle,0,No,2,Intersection,3,T-Intersection,1,On Roadway,0,None,1,Daylight,1,Clear,0,No,0000000,Not Applicable,99,Unknown,99,Unknown,99,Unknown EMS Scene Arrival Hour,99,Unknown EMS Scene Arrival Minutes,99,Unknown,99,Unknown EMS Hospital Arrival Time,1
28,Mississippi,280382,1,1,1,1,0,1,1,87,LOWNDES (87),0,NOT APPLICABLE,8,August,12,12,6,Friday,2022,4,4:00am-4:59am,6,6,US-45 ALT,NA,2,US Highway,1,Rural,3,Principal Arterial - Other,1,State Highway Agency,1,This section IS ON the NHS,0,No Special Jurisdiction,99998,Not Reported,33.33520833,33.33520833,-88.63177778,-88.63177778,8,Pedestrian,0,The First Harmful Event was Not a Collision with a Motor Vehicle in Transport,0,No,1,Non-Junction,1,Not an Intersection,1,On Roadway,0,None,2,Dark - Not Lighted,5,"Fog, Smog, Smoke",0,No,0000000,Not Applicable,99,Unknown,98,Unknown if Notified,99,Unknown EMS Scene Arrival Hour,98,Unknown if Arrived,88,Not Applicable (Not Transported),88,Not Applicable (Not Transported),1
28,Mississippi,280383,0,0,5,5,0,8,8,99,NESHOBA (99),0,NOT APPLICABLE,8,August,12,12,6,Friday,2022,15,3:00pm-3:59pm,57,57,SR-16,NA,3,State Highway,1,Rural,4,Minor Arterial,1,State Highway Agency,0,This section IS NOT on the NHS,0,No Special Jurisdiction,99998,Not Reported,32.78646667,32.78646667,-89.28499722,-89.28499722,12,Motor Vehicle In-Transport,2,Front-to-Front,0,No,1,Non-Junction,1,Not an Intersection,1,On Roadway,0,None,1,Daylight,1,Clear,0,No,0000000,Not Applicable,99,Unknown,99,Unknown,99,Unknown EMS Scene Arrival Hour,99,Unknown EMS Scene Arrival Minutes,99,Unknown,99,Unknown EMS Hospital Arrival Time,1
28,Mississippi,280384,0,0,2,2,0,2,2,121,RANKIN (121),0,NOT APPLICABLE,8,August,14,14,1,Sunday,2022,18,6:00pm-6:59pm,56,56,OLD FANNIN RD,FLOWOOD DR,6,Local Street - Municipality,2,Urban,3,Principal Arterial - Other,4,City or Municipal Highway Agency,1,This section IS ON the NHS,0,No Special Jurisdiction,99998,Not Reported,32.34546389,32.34546389,-90.06472778,-90.06472778,12,Motor Vehicle In-Transport,6,Angle,0,No,2,Intersection,2,Four-Way Intersection,1,On Roadway,0,None,1,Daylight,1,Clear,0,No,0000000,Not Applicable,99,Unknown,99,Unknown,99,Unknown EMS Scene Arrival Hour,99,Unknown EMS Scene Arrival Minutes,99,Unknown,99,Unknown EMS Hospital Arrival Time,1
28,Mississippi,280385,0,0,2,2,0,2,2,49,HINDS (49),1220,JACKSON,1,January,7,7,6,Friday,2022,18,6:00pm-6:59pm,16,16,OAK FOREST DR,NA,6,Local Street - Municipality,2,Urban,7,Local,4,City or Municipal Highway Agency,0,This section IS NOT on the NHS,0,No Special Jurisdiction,99998,Not Reported,32.25963611,32.25963611,-90.24695,-90.24695,12,Motor Vehicle In-Transport,2,Front-to-Front,0,No,1,Non-Junction,1,Not an Intersection,1,On Roadway,0,None,3,Dark - Lighted,1,Clear,0,No,0000000,Not Applicable,99,Unknown,99,Unknown,99,Unknown EMS Scene Arrival Hour,99,Unknown EMS Scene Arrival Minutes,99,Unknown,99,Unknown EMS Hospital Arrival Time,1
28,Mississippi,280386,0,0,1,1,0,2,2,109,PEARL RIVER (109),0,NOT APPLICABLE,5,May,3,3,3,Tuesday,2022,21,9:00pm-9:59pm,32,32,CR-LIBERTY RD,NA,4,County Road,1,Rural,98,Not Reported,2,County Highway Agency,0,This section IS NOT on the NHS,0,No Special Jurisdiction,99998,Not Reported,30.5889,30.5889,-89.71094167,-89.71094167,34,Ditch,0,The First Harmful Event was Not a Collision with a Motor Vehicle in Transport,0,No,1,Non-Junction,1,Not an Intersection,4,On Roadside,0,None,2,Dark - Not Lighted,1,Clear,0,No,0000000,Not Applicable,99,Unknown,99,Unknown,99,Unknown EMS Scene Arrival Hour,99,Unknown EMS Scene Arrival Minutes,99,Unknown,99,Unknown EMS Hospital Arrival Time,1
28,Mississippi,280387,0,0,2,2,0,8,8,121,RANKIN (121),0,NOT APPLICABLE,6,June,19,19,1,Sunday,2022,20,8:00pm-8:59pm,6,6,SR-469,NA,3,State Highway,1,Rural,4,Minor Arterial,1,State Highway Agency,0,This section IS NOT on the NHS,0,No Special Jurisdiction,99998,Not Reported,32.12960833,32.12960833,-90.12901667,-90.12901667,12,Motor Vehicle In-Transport,6,Angle,0,No,8,Driveway Access Related,1,Not an Intersection,1,On Roadway,0,None,2,Dark - Not Lighted,1,Clear,0,No,0000000,Not Applicable,20,8:00pm-8:59pm,7,7,20,8:00pm-8:59pm,19,19,20,8:00pm-8:59pm,33,33,1
28,Mississippi,280388,0,0,1,1,0,1,1,3,ALCORN (3),0,NOT APPLICABLE,8,August,2,2,3,Tuesday,2022,20,8:00pm-8:59pm,57,57,SR-350,NA,3,State Highway,1,Rural,5,Major Collector,1,State Highway Agency,0,This section IS NOT on the NHS,0,No Special Jurisdiction,99998,Not Reported,34.99356667,34.99356667,-88.42743611,-88.42743611,30,Utility Pole/Light Support,0,The First Harmful Event was Not a Collision with a Motor Vehicle in Transport,0,No,1,Non-Junction,1,Not an Intersection,4,On Roadside,0,None,2,Dark - Not Lighted,1,Clear,0,No,0000000,Not Applicable,99,Unknown,99,Unknown,99,Unknown EMS Scene Arrival Hour,99,Unknown EMS Scene Arrival Minutes,99,Unknown,99,Unknown EMS Hospital Arrival Time,1
28,Mississippi,280389,1,1,1,1,0,1,1,49,HINDS (49),2560,TERRY,8,August,13,13,7,Saturday,2022,0,0:00am-0:59am,1,1,FRONTAGE RD,NA,7,Local Street - Frontage Road,2,Urban,5,Major Collector,4,City or Municipal Highway Agency,0,This section IS NOT on the NHS,0,No Special Jurisdiction,99998,Not Reported,32.10898333,32.10898333,-90.29833611,-90.29833611,8,Pedestrian,0,The First Harmful Event was Not a Collision with a Motor Vehicle in Transport,0,No,1,Non-Junction,1,Not an Intersection,1,On Roadway,0,None,2,Dark - Not Lighted,1,Clear,0,No,0000000,Not Applicable,99,Unknown,98,Unknown if Notified,99,Unknown EMS Scene Arrival Hour,98,Unknown if Arrived,88,Not Applicable (Not Transported),88,Not Applicable (Not Transported),1
28,Mississippi,280390,0,0,1,1,0,1,1,91,MARION (91),0,NOT APPLICABLE,8,August,17,17,4,Wednesday,2022,0,0:00am-0:59am,46,46,CR-ARMSTRONG RD,NA,4,County Road,1,Rural,98,Not Reported,2,County Highway Agency,0,This section IS NOT on the NHS,0,No Special Jurisdiction,99998,Not Reported,31.26112222,31.26112222,-89.75037222,-89.75037222,38,Fence,0,The First Harmful Event was Not a Collision with a Motor Vehicle in Transport,0,No,1,Non-Junction,1,Not an Intersection,4,On Roadside,0,None,2,Dark - Not Lighted,1,Clear,0,No,0000000,Not Applicable,99,Unknown,99,Unknown,99,Unknown EMS Scene Arrival Hour,99,Unknown EMS Scene Arrival Minutes,88,Not Applicable (Not Transported),88,Not Applicable (Not Transported),1
28,Mississippi,280391,0,0,2,2,0,5,5,45,HANCOCK (45),130,BAY ST LOUIS,8,August,17,17,4,Wednesday,2022,21,9:00pm-9:59pm,0,0,I-10,NA,1,Interstate,1,Rural,1,Interstate,1,State Highway Agency,1,This section IS ON the NHS,0,No Special Jurisdiction,99998,Not Reported,30.35671667,30.35671667,-89.42796667,-89.42796667,12,Motor Vehicle In-Transport,2,Front-to-Front,0,No,1,Non-Junction,1,Not an Intersection,1,On Roadway,0,None,3,Dark - Lighted,1,Clear,0,No,0000000,Not Applicable,99,Unknown,99,Unknown,99,Unknown EMS Scene Arrival Hour,99,Unknown EMS Scene Arrival Minutes,99,Unknown,99,Unknown EMS Hospital Arrival Time,1
28,Mississippi,280392,0,0,3,3,0,3,3,113,PIKE (113),0,NOT APPLICABLE,8,August,18,18,5,Thursday,2022,13,1:00pm-1:59pm,41,41,SR-24,NA,3,State Highway,1,Rural,4,Minor Arterial,1,State Highway Agency,0,This section IS NOT on the NHS,0,No Special Jurisdiction,99998,Not Reported,31.21469167,31.21469167,-90.50803611,-90.50803611,12,Motor Vehicle In-Transport,2,Front-to-Front,0,No,1,Non-Junction,1,Not an Intersection,1,On Roadway,0,None,1,Daylight,10,Cloudy,0,No,0000000,Not Applicable,99,Unknown,99,Unknown,99,Unknown EMS Scene Arrival Hour,99,Unknown EMS Scene Arrival Minutes,99,Unknown,99,Unknown EMS Hospital Arrival Time,2
28,Mississippi,280393,1,1,1,1,0,1,1,135,TALLAHATCHIE (135),0,NOT APPLICABLE,8,August,19,19,6,Friday,2022,2,2:00am-2:59am,46,46,SR-35,NA,3,State Highway,1,Rural,4,Minor Arterial,1,State Highway Agency,0,This section IS NOT on the NHS,0,No Special Jurisdiction,99998,Not Reported,34.14750833,34.14750833,-90.07840833,-90.07840833,8,Pedestrian,0,The First Harmful Event was Not a Collision with a Motor Vehicle in Transport,0,No,1,Non-Junction,1,Not an Intersection,1,On Roadway,0,None,2,Dark - Not Lighted,1,Clear,0,No,0000000,Not Applicable,99,Unknown,99,Unknown,99,Unknown EMS Scene Arrival Hour,99,Unknown EMS Scene Arrival Minutes,88,Not Applicable (Not Transported),88,Not Applicable (Not Transported),1
28,Mississippi,280394,0,0,1,1,0,1,1,107,PANOLA (107),0,NOT APPLICABLE,8,August,19,19,6,Friday,2022,18,6:00pm-6:59pm,16,16,CR-JOHN BRANCH RD,NA,4,County Road,1,Rural,98,Not Reported,2,County Highway Agency,0,This section IS NOT on the NHS,0,No Special Jurisdiction,99998,Not Reported,34.33135,34.33135,-89.80166111,-89.80166111,42,Tree (Standing Only),0,The First Harmful Event was Not a Collision with a Motor Vehicle in Transport,0,No,1,Non-Junction,1,Not an Intersection,4,On Roadside,0,None,1,Daylight,1,Clear,0,No,0000000,Not Applicable,99,Unknown,98,Unknown if Notified,99,Unknown EMS Scene Arrival Hour,98,Unknown if Arrived,88,Not Applicable (Not Transported),88,Not Applicable (Not Transported),1
28,Mississippi,280395,0,0,1,1,0,2,2,75,LAUDERDALE (75),0,NOT APPLICABLE,8,August,19,19,6,Friday,2022,20,8:00pm-8:59pm,34,34,US-45,NA,2,US Highway,2,Urban,2,Principal Arterial - Other Freeways and Expressways,1,State Highway Agency,1,This section IS ON the NHS,0,No Special Jurisdiction,99998,Not Reported,32.42923889,32.42923889,-88.63921389,-88.63921389,11,Live Animal,0,The First Harmful Event was Not a Collision with a Motor Vehicle in Transport,0,No,1,Non-Junction,1,Not an Intersection,1,On Roadway,0,None,2,Dark - Not Lighted,1,Clear,0,No,0000000,Not Applicable,99,Unknown,99,Unknown,99,Unknown EMS Scene Arrival Hour,99,Unknown EMS Scene Arrival Minutes,99,Unknown,99,Unknown EMS Hospital Arrival Time,1
28,Mississippi,280396,0,0,1,1,0,2,2,109,PEARL RIVER (109),0,NOT APPLICABLE,8,August,19,19,6,Friday,2022,23,11:00pm-11:59pm,47,47,US-11,NA,2,US Highway,2,Urban,4,Minor Arterial,1,State Highway Agency,0,This section IS NOT on the NHS,0,No Special Jurisdiction,99998,Not Reported,30.49810556,30.49810556,-89.68719167,-89.68719167,42,Tree (Standing Only),0,The First Harmful Event was Not a Collision with a Motor Vehicle in Transport,0,No,1,Non-Junction,1,Not an Intersection,4,On Roadside,0,None,3,Dark - Lighted,1,Clear,0,No,0000000,Not Applicable,99,Unknown,98,Unknown if Notified,99,Unknown EMS Scene Arrival Hour,98,Unknown if Arrived,88,Not Applicable (Not Transported),88,Not Applicable (Not Transported),2
28,Mississippi,280397,0,0,2,2,0,2,2,163,YAZOO (163),0,NOT APPLICABLE,8,August,20,20,7,Saturday,2022,0,0:00am-0:59am,27,27,I-55,NA,1,Interstate,1,Rural,1,Interstate,1,State Highway Agency,1,This section IS ON the NHS,0,No Special Jurisdiction,99998,Not Reported,32.76164444,32.76164444,-90.06609167,-90.06609167,12,Motor Vehicle In-Transport,2,Front-to-Front,0,No,1,Non-Junction,1,Not an Intersection,1,On Roadway,0,None,2,Dark - Not Lighted,1,Clear,0,No,0000000,Not Applicable,99,Unknown,98,Unknown if Notified,99,Unknown EMS Scene Arrival Hour,98,Unknown if Arrived,88,Not Applicable (Not Transported),88,Not Applicable (Not Transported),2
28,Mississippi,280398,0,0,1,1,0,1,1,149,WARREN (149),0,NOT APPLICABLE,8,August,20,20,7,Saturday,2022,8,8:00am-8:59am,35,35,SR-3,NA,3,State Highway,1,Rural,4,Minor Arterial,1,State Highway Agency,0,This section IS NOT on the NHS,0,No Special Jurisdiction,99998,Not Reported,32.51923889,32.51923889,-90.78322778,-90.78322778,34,Ditch,0,The First Harmful Event was Not a Collision with a Motor Vehicle in Transport,0,No,1,Non-Junction,1,Not an Intersection,4,On Roadside,0,None,1,Daylight,10,Cloudy,0,No,0000000,Not Applicable,99,Unknown,98,Unknown if Notified,99,Unknown EMS Scene Arrival Hour,98,Unknown if Arrived,88,Not Applicable (Not Transported),88,Not Applicable (Not Transported),1
28,Mississippi,280399,0,0,2,2,0,2,2,75,LAUDERDALE (75),1545,MARION,8,August,22,22,2,Monday,2022,14,2:00pm-2:59pm,19,19,DALE DR,MARION DR,6,Local Street - Municipality,2,Urban,5,Major Collector,4,City or Municipal Highway Agency,0,This section IS NOT on the NHS,0,No Special Jurisdiction,99998,Not Reported,32.42703889,32.42703889,-88.64585,-88.64585,12,Motor Vehicle In-Transport,6,Angle,0,No,2,Intersection,3,T-Intersection,1,On Roadway,0,None,1,Daylight,2,Rain,0,No,0000000,Not Applicable,99,Unknown,99,Unknown,99,Unknown EMS Scene Arrival Hour,99,Unknown EMS Scene Arrival Minutes,99,Unknown,99,Unknown EMS Hospital Arrival Time,1
28,Mississippi,280401,0,0,2,2,0,2,2,59,JACKSON (59),0,NOT APPLICABLE,8,August,22,22,2,Monday,2022,21,9:00pm-9:59pm,24,24,SR-63,NA,3,State Highway,1,Rural,3,Principal Arterial - Other,1,State Highway Agency,1,This section IS ON the NHS,0,No Special Jurisdiction,99998,Not Reported,30.73328611,30.73328611,-88.59850278,-88.59850278,12,Motor Vehicle In-Transport,2,Front-to-Front,0,No,1,Non-Junction,1,Not an Intersection,1,On Roadway,0,None,2,Dark - Not Lighted,10,Cloudy,0,No,0000000,Not Applicable,99,Unknown,98,Unknown if Notified,99,Unknown EMS Scene Arrival Hour,98,Unknown if Arrived,88,Not Applicable (Not Transported),88,Not Applicable (Not Transported),2
28,Mississippi,280402,2,2,1,1,0,1,1,153,WAYNE (153),0,NOT APPLICABLE,8,August,23,23,3,Tuesday,2022,17,5:00pm-5:59pm,20,20,CR-BEAT FOUR SHUBUTA RD,NA,4,County Road,1,Rural,98,Not Reported,2,County Highway Agency,0,This section IS NOT on the NHS,0,No Special Jurisdiction,99998,Not Reported,31.74211111,31.74211111,-88.78311667,-88.78311667,23,Bridge Rail (Includes parapet),0,The First Harmful Event was Not a Collision with a Motor Vehicle in Transport,0,No,1,Non-Junction,1,Not an Intersection,4,On Roadside,0,None,1,Daylight,2,Rain,0,No,0000000,Not Applicable,99,Unknown,99,Unknown,99,Unknown EMS Scene Arrival Hour,99,Unknown EMS Scene Arrival Minutes,99,Unknown,99,Unknown EMS Hospital Arrival Time,1
28,Mississippi,280403,0,0,1,1,0,1,1,49,HINDS (49),1220,JACKSON,8,August,3,3,4,Wednesday,2022,3,3:00am-3:59am,58,58,BAILEY AVE,NA,6,Local Street - Municipality,2,Urban,3,Principal Arterial - Other,4,City or Municipal Highway Agency,1,This section IS ON the NHS,0,No Special Jurisdiction,99998,Not Reported,32.31364722,32.31364722,-90.19436944,-90.19436944,38,Fence,0,The First Harmful Event was Not a Collision with a Motor Vehicle in Transport,0,No,1,Non-Junction,1,Not an Intersection,4,On Roadside,0,None,3,Dark - Lighted,1,Clear,0,No,0000000,Not Applicable,99,Unknown,99,Unknown,99,Unknown EMS Scene Arrival Hour,99,Unknown EMS Scene Arrival Minutes,99,Unknown,99,Unknown EMS Hospital Arrival Time,1
28,Mississippi,280404,0,0,1,1,0,1,1,11,BOLIVAR (11),0,NOT APPLICABLE,8,August,24,24,4,Wednesday,2022,17,5:00pm-5:59pm,21,21,SR-446,NA,3,State Highway,1,Rural,5,Major Collector,1,State Highway Agency,0,This section IS NOT on the NHS,0,No Special Jurisdiction,99998,Not Reported,33.70398611,33.70398611,-90.76481111,-90.76481111,1,Rollover/Overturn,0,The First Harmful Event was Not a Collision with a Motor Vehicle in Transport,0,No,1,Non-Junction,1,Not an Intersection,4,On Roadside,0,None,9,Reported as Unknown,99,Reported as Unknown,0,No,0000000,Not Applicable,99,Unknown,98,Unknown if Notified,99,Unknown EMS Scene Arrival Hour,98,Unknown if Arrived,88,Not Applicable (Not Transported),88,Not Applicable (Not Transported),1
28,Mississippi,280405,0,0,1,1,0,2,2,81,LEE (81),2610,TUPELO,8,August,24,24,4,Wednesday,2022,22,10:00pm-10:59pm,39,39,US-45,NA,2,US Highway,2,Urban,3,Principal Arterial - Other,1,State Highway Agency,0,This section IS NOT on the NHS,0,No Special Jurisdiction,99998,Not Reported,34.27531389,34.27531389,-88.707225,-88.707225,1,Rollover/Overturn,0,The First Harmful Event was Not a Collision with a Motor Vehicle in Transport,1,Yes,20,Entrance/Exit Ramp,1,Not an Intersection,1,On Roadway,0,None,2,Dark - Not Lighted,1,Clear,0,No,0000000,Not Applicable,99,Unknown,99,Unknown,99,Unknown EMS Scene Arrival Hour,99,Unknown EMS Scene Arrival Minutes,99,Unknown,99,Unknown EMS Hospital Arrival Time,1
28,Mississippi,280406,0,0,1,1,0,1,1,49,HINDS (49),1220,JACKSON,8,August,26,26,6,Friday,2022,22,10:00pm-10:59pm,5,5,I-220,NA,1,Interstate,2,Urban,1,Interstate,1,State Highway Agency,1,This section IS ON the NHS,0,No Special Jurisdiction,99998,Not Reported,88.8888,88.8888,888.8888,888.8888,1,Rollover/Overturn,0,The First Harmful Event was Not a Collision with a Motor Vehicle in Transport,0,No,1,Non-Junction,1,Not an Intersection,4,On Roadside,0,None,3,Dark - Lighted,1,Clear,0,No,0000000,Not Applicable,99,Unknown,98,Unknown if Notified,99,Unknown EMS Scene Arrival Hour,98,Unknown if Arrived,88,Not Applicable (Not Transported),88,Not Applicable (Not Transported),1
28,Mississippi,280407,0,0,2,2,0,2,2,95,MONROE (95),0,NOT APPLICABLE,8,August,2,2,3,Tuesday,2022,19,7:00pm-7:59pm,23,23,CR-OLD WREN RD,CR-WREN CEMETARY RD,4,County Road,1,Rural,98,Not Reported,2,County Highway Agency,0,This section IS NOT on the NHS,0,No Special Jurisdiction,99998,Not Reported,33.97195278,33.97195278,-88.59944167,-88.59944167,12,Motor Vehicle In-Transport,6,Angle,0,No,2,Intersection,3,T-Intersection,1,On Roadway,0,None,1,Daylight,1,Clear,0,No,0000000,Not Applicable,99,Unknown,98,Unknown if Notified,99,Unknown EMS Scene Arrival Hour,98,Unknown if Arrived,88,Not Applicable (Not Transported),88,Not Applicable (Not Transported),2
28,Mississippi,280408,0,0,2,2,0,3,3,93,MARSHALL (93),0,NOT APPLICABLE,8,August,27,27,7,Saturday,2022,16,4:00pm-4:59pm,0,0,SR-7,NA,3,State Highway,1,Rural,3,Principal Arterial - Other,1,State Highway Agency,1,This section IS ON the NHS,0,No Special Jurisdiction,99998,Not Reported,34.68725556,34.68725556,-89.46104444,-89.46104444,12,Motor Vehicle In-Transport,1,Front-to-Rear,0,No,1,Non-Junction,1,Not an Intersection,1,On Roadway,0,None,1,Daylight,1,Clear,0,No,0000000,Not Applicable,99,Unknown,99,Unknown,99,Unknown EMS Scene Arrival Hour,99,Unknown EMS Scene Arrival Minutes,99,Unknown,99,Unknown EMS Hospital Arrival Time,1
28,Mississippi,280409,0,0,2,2,0,6,6,85,LINCOLN (85),320,BROOKHAVEN,8,August,28,28,1,Sunday,2022,12,12:00pm-12:59pm,25,25,BROOKWAY BLVD,I-55,6,Local Street - Municipality,2,Urban,3,Principal Arterial - Other,4,City or Municipal Highway Agency,1,This section IS ON the NHS,0,No Special Jurisdiction,99998,Not Reported,31.57873889,31.57873889,-90.47624167,-90.47624167,12,Motor Vehicle In-Transport,6,Angle,1,Yes,2,Intersection,3,T-Intersection,1,On Roadway,0,None,1,Daylight,1,Clear,0,No,0000000,Not Applicable,99,Unknown,99,Unknown,99,Unknown EMS Scene Arrival Hour,99,Unknown EMS Scene Arrival Minutes,99,Unknown,99,Unknown EMS Hospital Arrival Time,1
28,Mississippi,280410,0,0,2,2,0,2,2,3,ALCORN (3),0,NOT APPLICABLE,8,August,28,28,1,Sunday,2022,12,12:00pm-12:59pm,45,45,CR-512,CR-519,4,County Road,1,Rural,5,Major Collector,2,County Highway Agency,0,This section IS NOT on the NHS,0,No Special Jurisdiction,99998,Not Reported,34.85630833,34.85630833,-88.613975,-88.613975,12,Motor Vehicle In-Transport,6,Angle,0,No,2,Intersection,2,Four-Way Intersection,1,On Roadway,0,None,1,Daylight,1,Clear,0,No,0000000,Not Applicable,99,Unknown,99,Unknown,99,Unknown EMS Scene Arrival Hour,99,Unknown EMS Scene Arrival Minutes,99,Unknown,99,Unknown EMS Hospital Arrival Time,1
28,Mississippi,280411,0,0,3,3,0,4,4,87,LOWNDES (87),540,COLUMBUS,8,August,28,28,1,Sunday,2022,1,1:00am-1:59am,7,7,US-82,NA,2,US Highway,2,Urban,2,Principal Arterial - Other Freeways and Expressways,1,State Highway Agency,1,This section IS ON the NHS,0,No Special Jurisdiction,99998,Not Reported,33.51857778,33.51857778,-88.406575,-88.406575,12,Motor Vehicle In-Transport,1,Front-to-Rear,0,No,1,Non-Junction,1,Not an Intersection,1,On Roadway,0,None,2,Dark - Not Lighted,1,Clear,0,No,0000000,Not Applicable,99,Unknown,99,Unknown,99,Unknown EMS Scene Arrival Hour,99,Unknown EMS Scene Arrival Minutes,99,Unknown,99,Unknown EMS Hospital Arrival Time,2
28,Mississippi,280412,0,0,1,1,0,2,2,3,ALCORN (3),0,NOT APPLICABLE,8,August,28,28,1,Sunday,2022,14,2:00pm-2:59pm,37,37,CR-301,NA,4,County Road,1,Rural,98,Not Reported,2,County Highway Agency,0,This section IS NOT on the NHS,0,No Special Jurisdiction,99998,Not Reported,34.87869167,34.87869167,-88.48126944,-88.48126944,42,Tree (Standing Only),0,The First Harmful Event was Not a Collision with a Motor Vehicle in Transport,0,No,1,Non-Junction,1,Not an Intersection,4,On Roadside,0,None,1,Daylight,1,Clear,0,No,0000000,Not Applicable,99,Unknown,99,Unknown,99,Unknown EMS Scene Arrival Hour,99,Unknown EMS Scene Arrival Minutes,99,Unknown,99,Unknown EMS Hospital Arrival Time,1