STATE,STATENAME,ST_CASE,PEDS,PERNOTMVIT,VE_TOTAL,VE_FORMS,PVH_INVL,PERSONS,PERMVIT,COUNTY,COUNTYNAME,CITY,CITYNAME,MONTH,MONTHNAME,DAY,DAYNAME,DAY_WEEK,DAY_WEEKNAME,YEAR,HOUR,HOURNAME,MINUTE,MINUTENAME,TWAY_ID,TWAY_ID2,ROUTE,ROUTENAME,RUR_URB,RUR_URBNAME,FUNC_SYS,FUNC_SYSNAME,RD_OWNER,RD_OWNERNAME,NHS,NHSNAME,SP_JUR,SP_JURNAME,MILEPT,MILEPTNAME,LATITUDE,LATITUDENAME,LONGITUD,LONGITUDNAME,HARM_EV,HARM_EVNAME,MAN_COLL,MAN_COLLNAME,RELJCT1,RELJCT1NAME,RELJCT2,RELJCT2NAME,TYP_INT,TYP_INTNAME,REL_ROAD,REL_ROADNAME,WRK_ZONE,WRK_ZONENAME,LGT_COND,LGT_CONDNAME,WEATHER,WEATHERNAME,SCH_BUS,SCH_BUSNAME,RAIL,RAILNAME,NOT_HOUR,NOT_HOURNAME,NOT_MIN,NOT_MINNAME,ARR_HOUR,ARR_HOURNAME,ARR_MIN,ARR_MINNAME,HOSP_HR,HOSP_HRNAME,HOSP_MN,HOSP_MNNAME,FATALS
28,Mississippi,280485,0,0,2,2,0,3,3,35,FORREST (35),0,NOT APPLICABLE,10,October,4,4,3,Tuesday,2022,19,7:00pm-7:59pm,43,43,SR-13,OLD HIGHWAY 13,3,State Highway,1,Rural,4,Minor Arterial,1,State Highway Agency,0,This section IS NOT on the NHS,0,No Special Jurisdiction,99998,Not Reported,31.00294722,31.00294722,-89.318075,-89.318075,12,Motor Vehicle In-Transport,2,Front-to-Front,0,No,2,Intersection,2,Four-Way Intersection,1,On Roadway,0,None,6,Dark - Unknown Lighting,1,Clear,0,No,0000000,Not Applicable,99,Unknown,99,Unknown,99,Unknown EMS Scene Arrival Hour,99,Unknown EMS Scene Arrival Minutes,99,Unknown,99,Unknown EMS Hospital Arrival Time,1
28,Mississippi,280486,1,1,1,1,0,1,1,45,HANCOCK (45),0,NOT APPLICABLE,10,October,5,5,4,Wednesday,2022,5,5:00am-5:59am,41,41,US-90 FRONTAGE RD,NA,7,Local Street - Frontage Road,8,Not Reported,7,Local,1,State Highway Agency,1,This section IS ON the NHS,0,No Special Jurisdiction,99998,Not Reported,30.29948889,30.29948889,-89.42307778,-89.42307778,9,Pedalcyclist,0,The First Harmful Event was Not a Collision with a Motor Vehicle in Transport,0,No,1,Non-Junction,1,Not an Intersection,1,On Roadway,0,None,2,Dark - Not Lighted,1,Clear,0,No,0000000,Not Applicable,99,Unknown,98,Unknown if Notified,99,Unknown EMS Scene Arrival Hour,98,Unknown if Arrived,88,Not Applicable (Not Transported),88,Not Applicable (Not Transported),1
28,Mississippi,280487,0,0,2,2,0,5,5,131,STONE (131),2820,WIGGINS,10,October,5,5,4,Wednesday,2022,12,12:00pm-12:59pm,54,54,US-49,FRONTAGE DR,2,US Highway,1,Rural,3,Principal Arterial - Other,1,State Highway Agency,1,This section IS ON the NHS,0,No Special Jurisdiction,99998,Not Reported,30.861425,30.861425,-89.16238889,-89.16238889,12,Motor Vehicle In-Transport,6,Angle,0,No,2,Intersection,3,T-Intersection,1,On Roadway,0,None,1,Daylight,1,Clear,0,No,0000000,Not Applicable,99,Unknown,99,Unknown,99,Unknown EMS Scene Arrival Hour,99,Unknown EMS Scene Arrival Minutes,99,Unknown,99,Unknown EMS Hospital Arrival Time,1
28,Mississippi,280488,0,0,1,1,0,2,2,81,LEE (81),100,BALDWYN,10,October,7,7,6,Friday,2022,20,8:00pm-8:59pm,5,5,GRISHAM ST,NA,6,Local Street - Municipality,1,Rural,7,Local,4,City or Municipal Highway Agency,0,This section IS NOT on the NHS,0,No Special Jurisdiction,99998,Not Reported,34.50883611,34.50883611,-88.65732778,-88.65732778,59,Traffic Sign Support,0,The First Harmful Event was Not a Collision with a Motor Vehicle in Transport,0,No,1,Non-Junction,1,Not an Intersection,4,On Roadside,0,None,3,Dark - Lighted,1,Clear,0,No,0000000,Not Applicable,99,Unknown,99,Unknown,99,Unknown EMS Scene Arrival Hour,99,Unknown EMS Scene Arrival Minutes,99,Unknown,99,Unknown EMS Hospital Arrival Time,1
28,Mississippi,280489,0,0,2,2,0,5,5,49,HINDS (49),1220,JACKSON,10,October,7,7,6,Friday,2022,20,8:00pm-8:59pm,6,6,NORTHSIDE DR,BOLING ST,6,Local Street - Municipality,2,Urban,7,Local,4,City or Municipal Highway Agency,0,This section IS NOT on the NHS,0,No Special Jurisdiction,99998,Not Reported,32.35605556,32.35605556,-90.23963889,-90.23963889,12,Motor Vehicle In-Transport,6,Angle,0,No,2,Intersection,2,Four-Way Intersection,1,On Roadway,0,None,3,Dark - Lighted,1,Clear,0,No,0000000,Not Applicable,99,Unknown,99,Unknown,99,Unknown EMS Scene Arrival Hour,99,Unknown EMS Scene Arrival Minutes,99,Unknown,99,Unknown EMS Hospital Arrival Time,1
28,Mississippi,280490,0,0,2,2,0,3,3,121,RANKIN (121),0,NOT APPLICABLE,10,October,7,7,6,Friday,2022,23,11:00pm-11:59pm,24,24,CR-OLD MS 471,NA,4,County Road,2,Urban,5,Major Collector,2,County Highway Agency,0,This section IS NOT on the NHS,0,No Special Jurisdiction,99998,Not Reported,32.42928611,32.42928611,-89.94910833,-89.94910833,12,Motor Vehicle In-Transport,2,Front-to-Front,0,No,1,Non-Junction,1,Not an Intersection,1,On Roadway,0,None,2,Dark - Not Lighted,1,Clear,0,No,0000000,Not Applicable,99,Unknown,99,Unknown,99,Unknown EMS Scene Arrival Hour,99,Unknown EMS Scene Arrival Minutes,99,Unknown,99,Unknown EMS Hospital Arrival Time,1
28,Mississippi,280491,0,0,2,2,0,3,3,47,HARRISON (47),230,BILOXI,10,October,8,8,7,Saturday,2022,5,5:00am-5:59am,48,48,US-90,NA,2,US Highway,2,Urban,3,Principal Arterial - Other,1,State Highway Agency,1,This section IS ON the NHS,0,No Special Jurisdiction,99998,Not Reported,30.39353333,30.39353333,-88.92985278,-88.92985278,33,Curb,0,The First Harmful Event was Not a Collision with a Motor Vehicle in Transport,0,No,1,Non-Junction,1,Not an Intersection,4,On Roadside,0,None,3,Dark - Lighted,1,Clear,0,No,0000000,Not Applicable,99,Unknown,99,Unknown,99,Unknown EMS Scene Arrival Hour,99,Unknown EMS Scene Arrival Minutes,99,Unknown,99,Unknown EMS Hospital Arrival Time,1
28,Mississippi,280492,1,1,1,1,0,2,2,47,HARRISON (47),1020,GULFPORT,10,October,8,8,7,Saturday,2022,20,8:00pm-8:59pm,18,18,US-49,NA,2,US Highway,2,Urban,3,Principal Arterial - Other,1,State Highway Agency,1,This section IS ON the NHS,0,No Special Jurisdiction,99998,Not Reported,30.38168889,30.38168889,-89.09303889,-89.09303889,8,Pedestrian,0,The First Harmful Event was Not a Collision with a Motor Vehicle in Transport,0,No,1,Non-Junction,1,Not an Intersection,1,On Roadway,0,None,2,Dark - Not Lighted,1,Clear,0,No,0000000,Not Applicable,99,Unknown,99,Unknown,99,Unknown EMS Scene Arrival Hour,99,Unknown EMS Scene Arrival Minutes,99,Unknown,99,Unknown EMS Hospital Arrival Time,1
28,Mississippi,280493,0,0,1,1,0,1,1,87,LOWNDES (87),0,NOT APPLICABLE,10,October,9,9,1,Sunday,2022,0,0:00am-0:59am,48,48,CR-STEENS VERNON RD,NA,4,County Road,1,Rural,5,Major Collector,2,County Highway Agency,0,This section IS NOT on the NHS,0,No Special Jurisdiction,99998,Not Reported,33.58513889,33.58513889,-88.28247778,-88.28247778,42,Tree (Standing Only),0,The First Harmful Event was Not a Collision with a Motor Vehicle in Transport,0,No,1,Non-Junction,1,Not an Intersection,4,On Roadside,0,None,2,Dark - Not Lighted,1,Clear,0,No,0000000,Not Applicable,99,Unknown,98,Unknown if Notified,99,Unknown EMS Scene Arrival Hour,98,Unknown if Arrived,88,Not Applicable (Not Transported),88,Not Applicable (Not Transported),1
28,Mississippi,280494,0,0,1,1,0,1,1,123,SCOTT (123),0,NOT APPLICABLE,10,October,9,9,1,Sunday,2022,2,2:00am-2:59am,40,40,CR-OLD HWY 80,NA,4,County Road,1,Rural,5,Major Collector,2,County Highway Agency,0,This section IS NOT on the NHS,0,No Special Jurisdiction,99998,Not Reported,32.55535278,32.55535278,-89.62679444,-89.62679444,23,Bridge Rail (Includes parapet),0,The First Harmful Event was Not a Collision with a Motor Vehicle in Transport,0,No,1,Non-Junction,1,Not an Intersection,4,On Roadside,0,None,2,Dark - Not Lighted,1,Clear,0,No,0000000,Not Applicable,99,Unknown,99,Unknown,99,Unknown EMS Scene Arrival Hour,99,Unknown EMS Scene Arrival Minutes,88,Not Applicable (Not Transported),88,Not Applicable (Not Transported),1
28,Mississippi,280495,0,0,1,1,0,2,2,107,PANOLA (107),0,NOT APPLICABLE,10,October,9,9,1,Sunday,2022,18,6:00pm-6:59pm,38,38,CR-COLDSPRINGS RD,NA,4,County Road,1,Rural,7,Local,2,County Highway Agency,0,This section IS NOT on the NHS,0,No Special Jurisdiction,99998,Not Reported,34.37511389,34.37511389,-89.81240833,-89.81240833,5,Fell/Jumped from Vehicle,0,The First Harmful Event was Not a Collision with a Motor Vehicle in Transport,0,No,1,Non-Junction,1,Not an Intersection,1,On Roadway,0,None,1,Daylight,1,Clear,0,No,0000000,Not Applicable,99,Unknown,98,Unknown if Notified,99,Unknown EMS Scene Arrival Hour,98,Unknown if Arrived,88,Not Applicable (Not Transported),88,Not Applicable (Not Transported),1
28,Mississippi,280496,0,0,3,3,0,4,4,143,TUNICA (143),0,NOT APPLICABLE,10,October,11,11,3,Tuesday,2022,16,4:00pm-4:59pm,57,57,US-61,NA,2,US Highway,1,Rural,3,Principal Arterial - Other,1,State Highway Agency,1,This section IS ON the NHS,0,No Special Jurisdiction,99998,Not Reported,34.61213056,34.61213056,-90.39408889,-90.39408889,34,Ditch,0,The First Harmful Event was Not a Collision with a Motor Vehicle in Transport,0,No,1,Non-Junction,1,Not an Intersection,4,On Roadside,0,None,1,Daylight,1,Clear,0,No,0000000,Not Applicable,99,Unknown,99,Unknown,99,Unknown EMS Scene Arrival Hour,99,Unknown EMS Scene Arrival Minutes,99,Unknown,99,Unknown EMS Hospital Arrival Time,1
28,Mississippi,280497,1,1,1,1,0,1,1,73,LAMAR (73),9997,Other,10,October,11,11,3,Tuesday,2022,17,5:00pm-5:59pm,48,48,HARDY ST,SOUTH 40TH AVE,6,Local Street - Municipality,2,Urban,6,Minor Collector,4,City or Municipal Highway Agency,0,This section IS NOT on the NHS,0,No Special Jurisdiction,99998,Not Reported,31.32510833,31.32510833,-89.34822778,-89.34822778,9,Pedalcyclist,0,The First Harmful Event was Not a Collision with a Motor Vehicle in Transport,0,No,3,Intersection-Related,2,Four-Way Intersection,1,On Roadway,0,None,1,Daylight,1,Clear,0,No,0000000,Not Applicable,99,Unknown,99,Unknown,99,Unknown EMS Scene Arrival Hour,99,Unknown EMS Scene Arrival Minutes,99,Unknown,99,Unknown EMS Hospital Arrival Time,1
28,Mississippi,280498,1,1,1,1,0,1,1,75,LAUDERDALE (75),1590,MERIDIAN,10,October,11,11,3,Tuesday,2022,18,6:00pm-6:59pm,57,57,NORTH FRONTAGE RD,AIRPORT BLVD,7,Local Street - Frontage Road,2,Urban,3,Principal Arterial - Other,4,City or Municipal Highway Agency,0,This section IS NOT on the NHS,0,No Special Jurisdiction,99998,Not Reported,32.35024444,32.35024444,-88.73464444,-88.73464444,8,Pedestrian,0,The First Harmful Event was Not a Collision with a Motor Vehicle in Transport,0,No,3,Intersection-Related,3,T-Intersection,3,On Median,0,None,5,Dusk,1,Clear,0,No,0000000,Not Applicable,99,Unknown,99,Unknown,99,Unknown EMS Scene Arrival Hour,99,Unknown EMS Scene Arrival Minutes,88,Not Applicable (Not Transported),88,Not Applicable (Not Transported),1
28,Mississippi,280499,0,0,1,1,0,1,1,45,HANCOCK (45),0,NOT APPLICABLE,10,October,12,12,4,Wednesday,2022,13,1:00pm-1:59pm,21,21,SR-43,NA,3,State Highway,1,Rural,4,Minor Arterial,1,State Highway Agency,0,This section IS NOT on the NHS,0,No Special Jurisdiction,99998,Not Reported,30.51678333,30.51678333,-89.57508611,-89.57508611,32,Culvert,0,The First Harmful Event was Not a Collision with a Motor Vehicle in Transport,0,No,1,Non-Junction,1,Not an Intersection,4,On Roadside,0,None,1,Daylight,1,Clear,0,No,0000000,Not Applicable,99,Unknown,98,Unknown if Notified,99,Unknown EMS Scene Arrival Hour,98,Unknown if Arrived,88,Not Applicable (Not Transported),88,Not Applicable (Not Transported),1
28,Mississippi,280500,0,0,1,1,0,1,1,67,JONES (67),0,NOT APPLICABLE,10,October,12,12,4,Wednesday,2022,20,8:00pm-8:59pm,47,47,I-59,NA,1,Interstate,1,Rural,1,Interstate,1,State Highway Agency,1,This section IS ON the NHS,0,No Special Jurisdiction,99998,Not Reported,31.51629167,31.51629167,-89.28938056,-89.28938056,25,Concrete Traffic Barrier,0,The First Harmful Event was Not a Collision with a Motor Vehicle in Transport,0,No,1,Non-Junction,1,Not an Intersection,4,On Roadside,4,"Work Zone, Type Unknown",2,Dark - Not Lighted,10,Cloudy,0,No,0000000,Not Applicable,99,Unknown,99,Unknown,99,Unknown EMS Scene Arrival Hour,99,Unknown EMS Scene Arrival Minutes,88,Not Applicable (Not Transported),88,Not Applicable (Not Transported),1
28,Mississippi,280501,0,0,3,3,0,4,4,15,CARROLL (15),0,NOT APPLICABLE,10,October,13,13,5,Thursday,2022,7,7:00am-7:59am,25,25,SR-17,NA,3,State Highway,1,Rural,4,Minor Arterial,1,State Highway Agency,0,This section IS NOT on the NHS,0,No Special Jurisdiction,99998,Not Reported,33.41152222,33.41152222,-89.96752778,-89.96752778,12,Motor Vehicle In-Transport,2,Front-to-Front,0,No,1,Non-Junction,1,Not an Intersection,1,On Roadway,0,None,1,Daylight,5,"Fog, Smog, Smoke",0,No,0000000,Not Applicable,99,Unknown,99,Unknown,99,Unknown EMS Scene Arrival Hour,99,Unknown EMS Scene Arrival Minutes,99,Unknown,99,Unknown EMS Hospital Arrival Time,1
28,Mississippi,280503,0,0,1,1,0,1,1,59,JACKSON (59),1900,PASCAGOULA,6,June,16,16,5,Thursday,2022,13,1:00pm-1:59pm,6,6,MARKET ST,CONVENT AVE,6,Local Street - Municipality,2,Urban,4,Minor Arterial,4,City or Municipal Highway Agency,0,This section IS NOT on the NHS,0,No Special Jurisdiction,99998,Not Reported,30.36393611,30.36393611,-88.54848611,-88.54848611,30,Utility Pole/Light Support,0,The First Harmful Event was Not a Collision with a Motor Vehicle in Transport,0,No,3,Intersection-Related,2,Four-Way Intersection,4,On Roadside,0,None,1,Daylight,1,Clear,0,No,0000000,Not Applicable,13,1:00pm-1:59pm,7,7,13,1:00pm-1:59pm,18,18,13,1:00pm-1:59pm,58,58,1
28,Mississippi,280504,0,0,1,1,0,1,1,59,JACKSON (59),0,NOT APPLICABLE,6,June,18,18,7,Saturday,2022,0,0:00am-0:59am,29,29,I-10,NA,1,Interstate,1,Rural,1,Interstate,1,State Highway Agency,1,This section IS ON the NHS,0,No Special Jurisdiction,99998,Not Reported,30.45653611,30.45653611,-88.48315556,-88.48315556,30,Utility Pole/Light Support,0,The First Harmful Event was Not a Collision with a Motor Vehicle in Transport,0,No,1,Non-Junction,1,Not an Intersection,4,On Roadside,0,None,2,Dark - Not Lighted,1,Clear,0,No,0000000,Not Applicable,0,0:00am-0:59am,29,29,0,0:00am-0:59am,58,58,1,1:00am-1:59am,20,20,1
28,Mississippi,280505,1,1,1,1,0,1,1,59,JACKSON (59),0,NOT APPLICABLE,6,June,20,20,2,Monday,2022,21,9:00pm-9:59pm,53,53,CR-TUCKER RD,NA,4,County Road,2,Urban,4,Minor Arterial,2,County Highway Agency,0,This section IS NOT on the NHS,0,No Special Jurisdiction,99998,Not Reported,30.46007778,30.46007778,-88.84435278,-88.84435278,9,Pedalcyclist,0,The First Harmful Event was Not a Collision with a Motor Vehicle in Transport,0,No,1,Non-Junction,1,Not an Intersection,1,On Roadway,0,None,2,Dark - Not Lighted,1,Clear,0,No,0000000,Not Applicable,21,9:00pm-9:59pm,54,54,22,10:00pm-10:59pm,11,11,88,Not Applicable (Not Transported),88,Not Applicable (Not Transported),1
28,Mississippi,280506,0,0,2,2,0,2,2,93,MARSHALL (93),0,NOT APPLICABLE,7,July,22,22,6,Friday,2022,15,3:00pm-3:59pm,17,17,US-72,CLEAR CREEK RD,2,US Highway,1,Rural,3,Principal Arterial - Other,1,State Highway Agency,1,This section IS ON the NHS,0,No Special Jurisdiction,99998,Not Reported,34.94613889,34.94613889,-89.38809167,-89.38809167,12,Motor Vehicle In-Transport,6,Angle,0,No,2,Intersection,2,Four-Way Intersection,1,On Roadway,0,None,1,Daylight,1,Clear,0,No,0000000,Not Applicable,99,Unknown,99,Unknown,99,Unknown EMS Scene Arrival Hour,99,Unknown EMS Scene Arrival Minutes,99,Unknown,99,Unknown EMS Hospital Arrival Time,1
28,Mississippi,280508,0,0,2,2,0,3,3,143,TUNICA (143),0,NOT APPLICABLE,8,August,13,13,7,Saturday,2022,10,10:00am-10:59am,44,44,CR-OLD HWY 61,NA,4,County Road,8,Not Reported,98,Not Reported,2,County Highway Agency,0,This section IS NOT on the NHS,0,No Special Jurisdiction,99998,Not Reported,34.79591389,34.79591389,-90.33276389,-90.33276389,12,Motor Vehicle In-Transport,6,Angle,0,No,8,Driveway Access Related,1,Not an Intersection,1,On Roadway,0,None,1,Daylight,1,Clear,0,No,0000000,Not Applicable,99,Unknown,99,Unknown,99,Unknown EMS Scene Arrival Hour,99,Unknown EMS Scene Arrival Minutes,99,Unknown,99,Unknown EMS Hospital Arrival Time,1
28,Mississippi,280509,0,0,2,2,0,2,2,5,AMITE (5),0,NOT APPLICABLE,10,October,13,13,5,Thursday,2022,13,1:00pm-1:59pm,15,15,CR-BUSY CORNER RD,NA,4,County Road,1,Rural,5,Major Collector,2,County Highway Agency,0,This section IS NOT on the NHS,0,No Special Jurisdiction,99998,Not Reported,31.26756944,31.26756944,-90.87806667,-90.87806667,12,Motor Vehicle In-Transport,6,Angle,0,No,8,Driveway Access Related,1,Not an Intersection,1,On Roadway,0,None,1,Daylight,1,Clear,0,No,0000000,Not Applicable,99,Unknown,99,Unknown,99,Unknown EMS Scene Arrival Hour,99,Unknown EMS Scene Arrival Minutes,99,Unknown,99,Unknown EMS Hospital Arrival Time,1
28,Mississippi,280510,0,0,1,1,0,1,1,133,SUNFLOWER (133),0,NOT APPLICABLE,10,October,13,13,5,Thursday,2022,21,9:00pm-9:59pm,51,51,US-49,NA,2,US Highway,1,Rural,3,Principal Arterial - Other,1,State Highway Agency,1,This section IS ON the NHS,0,No Special Jurisdiction,99998,Not Reported,33.34560278,33.34560278,-90.58848333,-90.58848333,1,Rollover/Overturn,0,The First Harmful Event was Not a Collision with a Motor Vehicle in Transport,0,No,1,Non-Junction,1,Not an Intersection,3,On Median,0,None,1,Daylight,1,Clear,0,No,0000000,Not Applicable,99,Unknown,98,Unknown if Notified,99,Unknown EMS Scene Arrival Hour,98,Unknown if Arrived,88,Not Applicable (Not Transported),88,Not Applicable (Not Transported),1
28,Mississippi,280511,1,1,2,1,1,2,2,49,HINDS (49),1220,JACKSON,10,October,14,14,6,Friday,2022,5,5:00am-5:59am,54,54,I-55,NA,1,Interstate,2,Urban,1,Interstate,1,State Highway Agency,1,This section IS ON the NHS,0,No Special Jurisdiction,99998,Not Reported,32.30081111,32.30081111,-90.16666667,-90.16666667,8,Pedestrian,0,The First Harmful Event was Not a Collision with a Motor Vehicle in Transport,0,No,1,Non-Junction,1,Not an Intersection,4,On Roadside,0,None,4,Dawn,1,Clear,0,No,0000000,Not Applicable,99,Unknown,99,Unknown,99,Unknown EMS Scene Arrival Hour,99,Unknown EMS Scene Arrival Minutes,99,Unknown,99,Unknown EMS Hospital Arrival Time,1
28,Mississippi,280512,0,0,5,5,0,11,11,149,WARREN (149),0,NOT APPLICABLE,10,October,14,14,6,Friday,2022,8,8:00am-8:59am,26,26,I-20,NA,1,Interstate,1,Rural,1,Interstate,1,State Highway Agency,1,This section IS ON the NHS,0,No Special Jurisdiction,99998,Not Reported,32.35415278,32.35415278,-90.7604,-90.7604,12,Motor Vehicle In-Transport,1,Front-to-Rear,0,No,1,Non-Junction,1,Not an Intersection,1,On Roadway,4,"Work Zone, Type Unknown",1,Daylight,1,Clear,0,No,0000000,Not Applicable,99,Unknown,99,Unknown,99,Unknown EMS Scene Arrival Hour,99,Unknown EMS Scene Arrival Minutes,99,Unknown,99,Unknown EMS Hospital Arrival Time,1
28,Mississippi,280513,0,0,1,1,0,1,1,67,JONES (67),0,NOT APPLICABLE,10,October,14,14,6,Friday,2022,15,3:00pm-3:59pm,41,41,CR-OVETT PETAL,NA,4,County Road,1,Rural,5,Major Collector,2,County Highway Agency,0,This section IS NOT on the NHS,0,No Special Jurisdiction,99998,Not Reported,31.45066389,31.45066389,-89.10201389,-89.10201389,38,Fence,0,The First Harmful Event was Not a Collision with a Motor Vehicle in Transport,0,No,1,Non-Junction,1,Not an Intersection,4,On Roadside,0,None,1,Daylight,1,Clear,0,No,0000000,Not Applicable,99,Unknown,99,Unknown,99,Unknown EMS Scene Arrival Hour,99,Unknown EMS Scene Arrival Minutes,88,Not Applicable (Not Transported),88,Not Applicable (Not Transported),1
28,Mississippi,280514,0,0,1,1,0,2,2,111,PERRY (111),0,NOT APPLICABLE,10,October,15,15,7,Saturday,2022,0,0:00am-0:59am,18,18,US-98,NA,2,US Highway,1,Rural,3,Principal Arterial - Other,1,State Highway Agency,1,This section IS ON the NHS,0,No Special Jurisdiction,99998,Not Reported,31.16969167,31.16969167,-88.94191389,-88.94191389,30,Utility Pole/Light Support,0,The First Harmful Event was Not a Collision with a Motor Vehicle in Transport,0,No,1,Non-Junction,1,Not an Intersection,4,On Roadside,0,None,2,Dark - Not Lighted,1,Clear,0,No,0000000,Not Applicable,99,Unknown,99,Unknown,99,Unknown EMS Scene Arrival Hour,99,Unknown EMS Scene Arrival Minutes,88,Not Applicable (Not Transported),88,Not Applicable (Not Transported),1
28,Mississippi,280515,0,0,1,1,0,1,1,107,PANOLA (107),0,NOT APPLICABLE,10,October,15,15,7,Saturday,2022,5,5:00am-5:59am,45,45,I-55,NA,1,Interstate,1,Rural,1,Interstate,1,State Highway Agency,1,This section IS ON the NHS,0,No Special Jurisdiction,99998,Not Reported,34.37704722,34.37704722,-89.91020833,-89.91020833,1,Rollover/Overturn,0,The First Harmful Event was Not a Collision with a Motor Vehicle in Transport,0,No,1,Non-Junction,1,Not an Intersection,3,On Median,0,None,2,Dark - Not Lighted,1,Clear,0,No,0000000,Not Applicable,99,Unknown,98,Unknown if Notified,99,Unknown EMS Scene Arrival Hour,98,Unknown if Arrived,88,Not Applicable (Not Transported),88,Not Applicable (Not Transported),1
28,Mississippi,280516,0,0,2,2,0,3,3,31,COVINGTON (31),0,NOT APPLICABLE,10,October,15,15,7,Saturday,2022,7,7:00am-7:59am,35,35,US-84,SALEM CHURCH RD,2,US Highway,1,Rural,3,Principal Arterial - Other,1,State Highway Agency,1,This section IS ON the NHS,0,No Special Jurisdiction,99998,Not Reported,31.65138889,31.65138889,-89.55,-89.55,12,Motor Vehicle In-Transport,6,Angle,0,No,2,Intersection,2,Four-Way Intersection,1,On Roadway,0,None,1,Daylight,1,Clear,0,No,0000000,Not Applicable,99,Unknown,99,Unknown,99,Unknown EMS Scene Arrival Hour,99,Unknown EMS Scene Arrival Minutes,99,Unknown,99,Unknown EMS Hospital Arrival Time,2
28,Mississippi,280517,0,0,2,2,0,2,2,93,MARSHALL (93),0,NOT APPLICABLE,10,October,15,15,7,Saturday,2022,11,11:00am-11:59am,1,1,CR-SOUTH RED BANKS RD,NA,4,County Road,1,Rural,7,Local,2,County Highway Agency,0,This section IS NOT on the NHS,0,No Special Jurisdiction,99998,Not Reported,34.76004722,34.76004722,-89.58170278,-89.58170278,12,Motor Vehicle In-Transport,2,Front-to-Front,0,No,1,Non-Junction,1,Not an Intersection,1,On Roadway,0,None,1,Daylight,2,Rain,0,No,0000000,Not Applicable,99,Unknown,99,Unknown,99,Unknown EMS Scene Arrival Hour,99,Unknown EMS Scene Arrival Minutes,99,Unknown,99,Unknown EMS Hospital Arrival Time,1
28,Mississippi,280518,0,0,1,1,0,1,1,129,SMITH (129),0,NOT APPLICABLE,10,October,15,15,7,Saturday,2022,11,11:00am-11:59am,18,18,SR-35,NA,3,State Highway,1,Rural,4,Minor Arterial,1,State Highway Agency,0,This section IS NOT on the NHS,0,No Special Jurisdiction,99998,Not Reported,32.08669444,32.08669444,-89.52413333,-89.52413333,42,Tree (Standing Only),0,The First Harmful Event was Not a Collision with a Motor Vehicle in Transport,0,No,1,Non-Junction,1,Not an Intersection,4,On Roadside,0,None,1,Daylight,1,Clear,0,No,0000000,Not Applicable,99,Unknown,99,Unknown,99,Unknown EMS Scene Arrival Hour,99,Unknown EMS Scene Arrival Minutes,88,Not Applicable (Not Transported),88,Not Applicable (Not Transported),1
28,Mississippi,280519,0,0,1,1,0,1,1,115,PONTOTOC (115),0,NOT APPLICABLE,10,October,15,15,7,Saturday,2022,17,5:00pm-5:59pm,39,39,SR-336,NA,3,State Highway,8,Not Reported,98,Not Reported,1,State Highway Agency,0,This section IS NOT on the NHS,0,No Special Jurisdiction,99998,Not Reported,34.26945,34.26945,-89.04168333,-89.04168333,42,Tree (Standing Only),0,The First Harmful Event was Not a Collision with a Motor Vehicle in Transport,0,No,1,Non-Junction,1,Not an Intersection,4,On Roadside,0,None,1,Daylight,10,Cloudy,0,No,0000000,Not Applicable,99,Unknown,98,Unknown if Notified,99,Unknown EMS Scene Arrival Hour,98,Unknown if Arrived,88,Not Applicable (Not Transported),88,Not Applicable (Not Transported),1
28,Mississippi,280520,0,0,1,1,0,2,2,59,JACKSON (59),0,NOT APPLICABLE,10,October,16,16,1,Sunday,2022,17,5:00pm-5:59pm,22,22,SR-613,NA,3,State Highway,1,Rural,5,Major Collector,1,State Highway Agency,0,This section IS NOT on the NHS,0,No Special Jurisdiction,99998,Not Reported,30.69520278,30.69520278,-88.513,-88.513,32,Culvert,0,The First Harmful Event was Not a Collision with a Motor Vehicle in Transport,0,No,1,Non-Junction,1,Not an Intersection,4,On Roadside,0,None,9,Reported as Unknown,1,Clear,0,No,0000000,Not Applicable,99,Unknown,98,Unknown if Notified,99,Unknown EMS Scene Arrival Hour,98,Unknown if Arrived,88,Not Applicable (Not Transported),88,Not Applicable (Not Transported),2
28,Mississippi,280521,1,1,1,1,0,1,1,35,FORREST (35),1050,HATTIESBURG,10,October,16,16,1,Sunday,2022,19,7:00pm-7:59pm,3,3,US-49,NA,2,US Highway,8,Not Reported,98,Not Reported,1,State Highway Agency,1,This section IS ON the NHS,0,No Special Jurisdiction,99998,Not Reported,31.25903056,31.25903056,-89.33830833,-89.33830833,8,Pedestrian,0,The First Harmful Event was Not a Collision with a Motor Vehicle in Transport,0,No,1,Non-Junction,1,Not an Intersection,1,On Roadway,0,None,3,Dark - Lighted,1,Clear,0,No,0000000,Not Applicable,99,Unknown,99,Unknown,99,Unknown EMS Scene Arrival Hour,99,Unknown EMS Scene Arrival Minutes,88,Not Applicable (Not Transported),88,Not Applicable (Not Transported),1
28,Mississippi,280522,0,0,5,5,0,8,8,33,DE SOTO (33),2422,SOUTHAVEN,10,October,18,18,3,Tuesday,2022,12,12:00pm-12:59pm,22,22,SR-302,AIRWAYS BLVD,3,State Highway,2,Urban,3,Principal Arterial - Other,1,State Highway Agency,1,This section IS ON the NHS,0,No Special Jurisdiction,99998,Not Reported,34.96268889,34.96268889,-89.98989167,-89.98989167,12,Motor Vehicle In-Transport,6,Angle,0,No,2,Intersection,2,Four-Way Intersection,1,On Roadway,0,None,1,Daylight,1,Clear,0,No,0000000,Not Applicable,99,Unknown,99,Unknown,99,Unknown EMS Scene Arrival Hour,99,Unknown EMS Scene Arrival Minutes,99,Unknown,99,Unknown EMS Hospital Arrival Time,1